年,月,行政區,買賣筆數
114,1,桃園區,504
114,1,大溪區,163
114,1,中壢區,753
114,1,楊梅區,460
114,1,蘆竹區,430
114,1,大園區,327
114,1,龜山區,319
114,1,八德區,211
114,1,龍潭區,353
114,1,平鎮區,204
114,1,新屋區,190
114,1,觀音區,295
114,1,復興區,22
113,9,桃園區,878
113,9,大溪區,185
113,9,中壢區,1020
113,9,楊梅區,561
113,9,蘆竹區,510
113,9,大園區,254
113,9,龜山區,276
113,9,八德區,389
113,9,龍潭區,259
113,9,平鎮區,664
113,9,新屋區,345
113,9,觀音區,417
113,9,復興區,18
113,8,桃園區,980
113,8,大溪區,176
113,8,中壢區,1051
113,8,楊梅區,570
113,8,蘆竹區,583
113,8,大園區,247
113,8,龜山區,397
113,8,八德區,433
113,8,龍潭區,403
113,8,平鎮區,506
113,8,新屋區,259
113,8,觀音區,415
113,8,復興區,24
113,7,桃園區,1154
113,7,大溪區,279
113,7,中壢區,1051
113,7,楊梅區,657
113,7,蘆竹區,427
113,7,大園區,261
113,7,龜山區,382
113,7,八德區,451
113,7,龍潭區,319
113,7,平鎮區,487
113,7,新屋區,229
113,7,觀音區,372
113,7,復興區,14
113,6,桃園區,1031
113,6,大溪區,211
113,6,中壢區,1152
113,6,楊梅區,531
113,6,蘆竹區,428
113,6,大園區,266
113,6,龜山區,474
113,6,八德區,272
113,6,龍潭區,327
113,6,平鎮區,547
113,6,新屋區,167
113,6,觀音區,391
113,6,復興區,15
113,5,桃園區,1401
113,5,大溪區,215
113,5,中壢區,1072
113,5,楊梅區,895
113,5,蘆竹區,716
113,5,大園區,266
113,5,龜山區,496
113,5,八德區,333
113,5,龍潭區,351
113,5,平鎮區,586
113,5,新屋區,283
113,5,觀音區,563
113,5,復興區,15
113,4,桃園區,1022
113,4,大溪區,161
113,4,中壢區,1038
113,4,楊梅區,528
113,4,蘆竹區,569
113,4,大園區,268
113,4,龜山區,366
113,4,八德區,287
113,4,龍潭區,290
113,4,平鎮區,534
113,4,新屋區,277
113,4,觀音區,318
113,4,復興區,28
113,3,桃園區,942
113,3,大溪區,152
113,3,中壢區,954
113,3,楊梅區,557
113,3,蘆竹區,572
113,3,大園區,280
113,3,龜山區,369
113,3,八德區,217
113,3,龍潭區,305
113,3,平鎮區,419
113,3,新屋區,171
113,3,觀音區,297
113,3,復興區,30
113,2,桃園區,716
113,2,大溪區,239
113,2,中壢區,633
113,2,楊梅區,661
113,2,蘆竹區,307
113,2,大園區,174
113,2,龜山區,625
113,2,八德區,191
113,2,龍潭區,215
113,2,平鎮區,419
113,2,新屋區,129
113,2,觀音區,162
113,2,復興區,8
113,12,桃園區,677
113,12,大溪區,211
113,12,中壢區,1111
113,12,楊梅區,525
113,12,蘆竹區,403
113,12,大園區,270
113,12,龜山區,288
113,12,八德區,284
113,12,龍潭區,469
113,12,平鎮區,418
113,12,新屋區,230
113,12,觀音區,307
113,12,復興區,35
113,11,桃園區,612
113,11,大溪區,138
113,11,中壢區,865
113,11,楊梅區,345
113,11,蘆竹區,465
113,11,大園區,429
113,11,龜山區,320
113,11,八德區,237
113,11,龍潭區,390
113,11,平鎮區,370
113,11,新屋區,187
113,11,觀音區,282
113,11,復興區,7
113,10,桃園區,657
113,10,大溪區,104
113,10,中壢區,844
113,10,楊梅區,565
113,10,蘆竹區,192
113,10,大園區,297
113,10,龜山區,300
113,10,八德區,309
113,10,龍潭區,398
113,10,平鎮區,342
113,10,新屋區,180
113,10,觀音區,477
113,10,復興區,11
113,1,桃園區,892
113,1,大溪區,407
113,1,中壢區,1086
113,1,楊梅區,938
113,1,蘆竹區,375
113,1,大園區,272
113,1,龜山區,448
113,1,八德區,321
113,1,龍潭區,345
113,1,平鎮區,526
113,1,新屋區,284
113,1,觀音區,422
113,1,復興區,15
112,9,桃園區,880
112,9,大溪區,238
112,9,中壢區,1124
112,9,楊梅區,683
112,9,蘆竹區,339
112,9,大園區,221
112,9,龜山區,497
112,9,八德區,386
112,9,龍潭區,347
112,9,平鎮區,695
112,9,新屋區,163
112,9,觀音區,264
112,9,復興區,20
112,8,桃園區,781
112,8,大溪區,141
112,8,中壢區,992
112,8,楊梅區,529
112,8,蘆竹區,419
112,8,大園區,280
112,8,龜山區,461
112,8,八德區,411
112,8,龍潭區,387
112,8,平鎮區,732
112,8,新屋區,175
112,8,觀音區,257
112,8,復興區,9
112,7,桃園區,809
112,7,大溪區,324
112,7,中壢區,984
112,7,楊梅區,501
112,7,蘆竹區,349
112,7,大園區,314
112,7,龜山區,349
112,7,八德區,348
112,7,龍潭區,277
112,7,平鎮區,632
112,7,新屋區,138
112,7,觀音區,266
112,7,復興區,17
112,6,桃園區,729
112,6,大溪區,184
112,6,中壢區,814
112,6,楊梅區,425
112,6,蘆竹區,395
112,6,大園區,293
112,6,龜山區,417
112,6,八德區,269
112,6,龍潭區,309
112,6,平鎮區,624
112,6,新屋區,151
112,6,觀音區,287
112,6,復興區,16
112,5,桃園區,911
112,5,大溪區,318
112,5,中壢區,867
112,5,楊梅區,688
112,5,蘆竹區,368
112,5,大園區,335
112,5,龜山區,404
112,5,八德區,308
112,5,龍潭區,335
112,5,平鎮區,569
112,5,新屋區,174
112,5,觀音區,302
112,5,復興區,43
112,4,桃園區,642
112,4,大溪區,137
112,4,中壢區,687
112,4,楊梅區,355
112,4,蘆竹區,277
112,4,大園區,177
112,4,龜山區,342
112,4,八德區,196
112,4,龍潭區,222
112,4,平鎮區,365
112,4,新屋區,130
112,4,觀音區,262
112,4,復興區,16
112,3,桃園區,753
112,3,大溪區,227
112,3,中壢區,788
112,3,楊梅區,405
112,3,蘆竹區,410
112,3,大園區,228
112,3,龜山區,458
112,3,八德區,297
112,3,龍潭區,310
112,3,平鎮區,440
112,3,新屋區,132
112,3,觀音區,533
112,3,復興區,22
112,2,桃園區,475
112,2,大溪區,128
112,2,中壢區,665
112,2,楊梅區,384
112,2,蘆竹區,423
112,2,大園區,142
112,2,龜山區,442
112,2,八德區,140
112,2,龍潭區,238
112,2,平鎮區,380
112,2,新屋區,111
112,2,觀音區,248
112,2,復興區,18
112,12,桃園區,1107
112,12,大溪區,234
112,12,中壢區,1078
112,12,楊梅區,925
112,12,蘆竹區,224
112,12,大園區,417
112,12,龜山區,435
112,12,八德區,515
112,12,龍潭區,290
112,12,平鎮區,634
112,12,新屋區,199
112,12,觀音區,382
112,12,復興區,23
112,11,桃園區,803
112,11,大溪區,208
112,11,中壢區,1291
112,11,楊梅區,930
112,11,蘆竹區,491
112,11,大園區,367
112,11,龜山區,476
112,11,八德區,426
112,11,龍潭區,302
112,11,平鎮區,539
112,11,新屋區,158
112,11,觀音區,346
112,11,復興區,26
112,10,桃園區,818
112,10,大溪區,344
112,10,中壢區,1114
112,10,楊梅區,534
112,10,蘆竹區,277
112,10,大園區,259
112,10,龜山區,399
112,10,八德區,367
112,10,龍潭區,301
112,10,平鎮區,547
112,10,新屋區,236
112,10,觀音區,409
112,10,復興區,13
112,1,桃園區,497
112,1,大溪區,113
112,1,中壢區,1050
112,1,楊梅區,689
112,1,蘆竹區,282
112,1,大園區,167
112,1,龜山區,317
112,1,八德區,197
112,1,龍潭區,236
112,1,平鎮區,285
112,1,新屋區,102
112,1,觀音區,191
112,1,復興區,15
111,9,桃園區,727
111,9,大溪區,669
111,9,中壢區,760
111,9,楊梅區,546
111,9,蘆竹區,562
111,9,大園區,168
111,9,龜山區,598
111,9,八德區,361
111,9,龍潭區,282
111,9,平鎮區,498
111,9,新屋區,183
111,9,觀音區,707
111,9,復興區,12
111,8,桃園區,748
111,8,大溪區,302
111,8,中壢區,1226
111,8,楊梅區,534
111,8,蘆竹區,470
111,8,大園區,254
111,8,龜山區,384
111,8,八德區,338
111,8,龍潭區,373
111,8,平鎮區,455
111,8,新屋區,252
111,8,觀音區,868
111,8,復興區,13
111,7,桃園區,799
111,7,大溪區,243
111,7,中壢區,1381
111,7,楊梅區,639
111,7,蘆竹區,477
111,7,大園區,217
111,7,龜山區,425
111,7,八德區,312
111,7,龍潭區,341
111,7,平鎮區,385
111,7,新屋區,313
111,7,觀音區,517
111,7,復興區,40
111,6,桃園區,979
111,6,大溪區,217
111,6,中壢區,1075
111,6,楊梅區,623
111,6,蘆竹區,1471
111,6,大園區,357
111,6,龜山區,411
111,6,八德區,286
111,6,龍潭區,452
111,6,平鎮區,1029
111,6,新屋區,167
111,6,觀音區,541
111,6,復興區,25
111,5,桃園區,941
111,5,大溪區,185
111,5,中壢區,1168
111,5,楊梅區,767
111,5,蘆竹區,454
111,5,大園區,304
111,5,龜山區,501
111,5,八德區,351
111,5,龍潭區,402
111,5,平鎮區,739
111,5,新屋區,183
111,5,觀音區,491
111,5,復興區,13
111,4,桃園區,833
111,4,大溪區,206
111,4,中壢區,1026
111,4,楊梅區,645
111,4,蘆竹區,375
111,4,大園區,204
111,4,龜山區,438
111,4,八德區,291
111,4,龍潭區,338
111,4,平鎮區,540
111,4,新屋區,276
111,4,觀音區,619
111,4,復興區,12
111,3,桃園區,1002
111,3,大溪區,324
111,3,中壢區,1172
111,3,楊梅區,735
111,3,蘆竹區,338
111,3,大園區,286
111,3,龜山區,555
111,3,八德區,427
111,3,龍潭區,408
111,3,平鎮區,657
111,3,新屋區,208
111,3,觀音區,506
111,3,復興區,25
111,2,桃園區,690
111,2,大溪區,120
111,2,中壢區,661
111,2,楊梅區,344
111,2,蘆竹區,328
111,2,大園區,174
111,2,龜山區,319
111,2,八德區,306
111,2,龍潭區,297
111,2,平鎮區,311
111,2,新屋區,118
111,2,觀音區,452
111,2,復興區,13
111,12,桃園區,651
111,12,大溪區,270
111,12,中壢區,1091
111,12,楊梅區,528
111,12,蘆竹區,298
111,12,大園區,206
111,12,龜山區,398
111,12,八德區,403
111,12,龍潭區,290
111,12,平鎮區,571
111,12,新屋區,159
111,12,觀音區,315
111,12,復興區,16
111,11,桃園區,729
111,11,大溪區,510
111,11,中壢區,969
111,11,楊梅區,538
111,11,蘆竹區,256
111,11,大園區,220
111,11,龜山區,430
111,11,八德區,342
111,11,龍潭區,444
111,11,平鎮區,562
111,11,新屋區,181
111,11,觀音區,521
111,11,復興區,13
111,10,桃園區,646
111,10,大溪區,250
111,10,中壢區,816
111,10,楊梅區,472
111,10,蘆竹區,376
111,10,大園區,222
111,10,龜山區,320
111,10,八德區,284
111,10,龍潭區,275
111,10,平鎮區,596
111,10,新屋區,169
111,10,觀音區,524
111,10,復興區,20
111,1,桃園區,1058
111,1,大溪區,259
111,1,中壢區,1231
111,1,楊梅區,855
111,1,蘆竹區,522
111,1,大園區,315
111,1,龜山區,578
111,1,八德區,393
111,1,龍潭區,453
111,1,平鎮區,602
111,1,新屋區,297
111,1,觀音區,650
111,1,復興區,11
110,9,桃園區,1045
110,9,大溪區,175
110,9,中壢區,887
110,9,楊梅區,640
110,9,蘆竹區,388
110,9,大園區,352
110,9,龜山區,397
110,9,八德區,498
110,9,龍潭區,419
110,9,平鎮區,504
110,9,新屋區,184
110,9,觀音區,400
110,9,復興區,16
110,8,桃園區,865
110,8,大溪區,226
110,8,中壢區,863
110,8,楊梅區,459
110,8,蘆竹區,442
110,8,大園區,277
110,8,龜山區,330
110,8,八德區,604
110,8,龍潭區,320
110,8,平鎮區,442
110,8,新屋區,172
110,8,觀音區,377
110,8,復興區,8
110,7,桃園區,741
110,7,大溪區,235
110,7,中壢區,863
110,7,楊梅區,467
110,7,蘆竹區,520
110,7,大園區,441
110,7,龜山區,371
110,7,八德區,232
110,7,龍潭區,350
110,7,平鎮區,457
110,7,新屋區,215
110,7,觀音區,338
110,7,復興區,12
110,6,桃園區,1179
110,6,大溪區,255
110,6,中壢區,1335
110,6,楊梅區,764
110,6,蘆竹區,421
110,6,大園區,396
110,6,龜山區,418
110,6,八德區,359
110,6,龍潭區,464
110,6,平鎮區,881
110,6,新屋區,359
110,6,觀音區,441
110,6,復興區,24
110,5,桃園區,1244
110,5,大溪區,334
110,5,中壢區,1555
110,5,楊梅區,689
110,5,蘆竹區,388
110,5,大園區,200
110,5,龜山區,432
110,5,八德區,374
110,5,龍潭區,435
110,5,平鎮區,737
110,5,新屋區,206
110,5,觀音區,350
110,5,復興區,3
110,4,桃園區,1155
110,4,大溪區,299
110,4,中壢區,1056
110,4,楊梅區,546
110,4,蘆竹區,477
110,4,大園區,294
110,4,龜山區,409
110,4,八德區,324
110,4,龍潭區,346
110,4,平鎮區,553
110,4,新屋區,198
110,4,觀音區,338
110,4,復興區,25
110,3,桃園區,1188
110,3,大溪區,259
110,3,中壢區,1109
110,3,楊梅區,672
110,3,蘆竹區,467
110,3,大園區,241
110,3,龜山區,391
110,3,八德區,396
110,3,龍潭區,440
110,3,平鎮區,556
110,3,新屋區,195
110,3,觀音區,390
110,3,復興區,8
110,2,桃園區,939
110,2,大溪區,162
110,2,中壢區,972
110,2,楊梅區,372
110,2,蘆竹區,570
110,2,大園區,151
110,2,龜山區,478
110,2,八德區,275
110,2,龍潭區,336
110,2,平鎮區,465
110,2,新屋區,118
110,2,觀音區,199
110,2,復興區,13
110,12,桃園區,1357
110,12,大溪區,413
110,12,中壢區,1250
110,12,楊梅區,937
110,12,蘆竹區,459
110,12,大園區,308
110,12,龜山區,529
110,12,八德區,361
110,12,龍潭區,421
110,12,平鎮區,539
110,12,新屋區,249
110,12,觀音區,517
110,12,復興區,24
110,11,桃園區,1262
110,11,大溪區,278
110,11,中壢區,1136
110,11,楊梅區,904
110,11,蘆竹區,473
110,11,大園區,327
110,11,龜山區,407
110,11,八德區,338
110,11,龍潭區,482
110,11,平鎮區,659
110,11,新屋區,205
110,11,觀音區,507
110,11,復興區,22
110,10,桃園區,1181
110,10,大溪區,233
110,10,中壢區,1033
110,10,楊梅區,760
110,10,蘆竹區,618
110,10,大園區,276
110,10,龜山區,444
110,10,八德區,385
110,10,龍潭區,456
110,10,平鎮區,572
110,10,新屋區,166
110,10,觀音區,401
110,10,復興區,14
110,1,桃園區,1140
110,1,大溪區,253
110,1,中壢區,1204
110,1,楊梅區,580
110,1,蘆竹區,621
110,1,大園區,345
110,1,龜山區,424
110,1,八德區,310
110,1,龍潭區,471
110,1,平鎮區,733
110,1,新屋區,201
110,1,觀音區,381
110,1,復興區,54
109,9,桃園區,1402
109,9,大溪區,292
109,9,中壢區,1342
109,9,楊梅區,541
109,9,蘆竹區,494
109,9,大園區,776
109,9,龜山區,444
109,9,八德區,418
109,9,龍潭區,508
109,9,平鎮區,545
109,9,新屋區,164
109,9,觀音區,395
109,9,復興區,12
109,8,桃園區,1309
109,8,大溪區,210
109,8,中壢區,1127
109,8,楊梅區,518
109,8,蘆竹區,478
109,8,大園區,1975
109,8,龜山區,339
109,8,八德區,346
109,8,龍潭區,292
109,8,平鎮區,604
109,8,新屋區,166
109,8,觀音區,342
109,8,復興區,22
109,7,桃園區,1605
109,7,大溪區,205
109,7,中壢區,1331
109,7,楊梅區,515
109,7,蘆竹區,669
109,7,大園區,2630
109,7,龜山區,390
109,7,八德區,543
109,7,龍潭區,399
109,7,平鎮區,733
109,7,新屋區,181
109,7,觀音區,357
109,7,復興區,10
109,6,桃園區,980
109,6,大溪區,287
109,6,中壢區,1321
109,6,楊梅區,617
109,6,蘆竹區,542
109,6,大園區,1522
109,6,龜山區,412
109,6,八德區,387
109,6,龍潭區,412
109,6,平鎮區,573
109,6,新屋區,130
109,6,觀音區,315
109,6,復興區,13
109,5,桃園區,1051
109,5,大溪區,169
109,5,中壢區,1144
109,5,楊梅區,442
109,5,蘆竹區,636
109,5,大園區,1057
109,5,龜山區,336
109,5,八德區,339
109,5,龍潭區,268
109,5,平鎮區,462
109,5,新屋區,144
109,5,觀音區,289
109,5,復興區,12
109,4,桃園區,954
109,4,大溪區,172
109,4,中壢區,1099
109,4,楊梅區,498
109,4,蘆竹區,450
109,4,大園區,1101
109,4,龜山區,303
109,4,八德區,312
109,4,龍潭區,403
109,4,平鎮區,407
109,4,新屋區,258
109,4,觀音區,372
109,4,復興區,9
109,3,桃園區,1048
109,3,大溪區,158
109,3,中壢區,1221
109,3,楊梅區,415
109,3,蘆竹區,641
109,3,大園區,770
109,3,龜山區,309
109,3,八德區,357
109,3,龍潭區,207
109,3,平鎮區,418
109,3,新屋區,87
109,3,觀音區,332
109,3,復興區,17
109,2,桃園區,801
109,2,大溪區,187
109,2,中壢區,1019
109,2,楊梅區,434
109,2,蘆竹區,395
109,2,大園區,378
109,2,龜山區,278
109,2,八德區,314
109,2,龍潭區,241
109,2,平鎮區,434
109,2,新屋區,91
109,2,觀音區,213
109,2,復興區,11
109,12,桃園區,1314
109,12,大溪區,233
109,12,中壢區,1381
109,12,楊梅區,673
109,12,蘆竹區,577
109,12,大園區,286
109,12,龜山區,467
109,12,八德區,431
109,12,龍潭區,445
109,12,平鎮區,1149
109,12,新屋區,293
109,12,觀音區,472
109,12,復興區,16
109,11,桃園區,1256
109,11,大溪區,342
109,11,中壢區,1366
109,11,楊梅區,616
109,11,蘆竹區,549
109,11,大園區,1257
109,11,龜山區,328
109,11,八德區,354
109,11,龍潭區,418
109,11,平鎮區,572
109,11,新屋區,225
109,11,觀音區,320
109,11,復興區,18
109,10,桃園區,1068
109,10,大溪區,218
109,10,中壢區,1231
109,10,楊梅區,475
109,10,蘆竹區,468
109,10,大園區,1243
109,10,龜山區,349
109,10,八德區,266
109,10,龍潭區,385
109,10,平鎮區,581
109,10,新屋區,187
109,10,觀音區,378
109,10,復興區,20
109,1,桃園區,785
109,1,大溪區,197
109,1,中壢區,1010
109,1,楊梅區,369
109,1,蘆竹區,308
109,1,大園區,573
109,1,龜山區,288
109,1,八德區,325
109,1,龍潭區,213
109,1,平鎮區,440
109,1,新屋區,109
109,1,觀音區,272
109,1,復興區,6
108,9,桃園區,1090
108,9,大溪區,175
108,9,中壢區,1280
108,9,楊梅區,423
108,9,蘆竹區,462
108,9,大園區,468
108,9,龜山區,256
108,9,八德區,383
108,9,龍潭區,414
108,9,平鎮區,413
108,9,新屋區,114
108,9,觀音區,239
108,9,復興區,19
108,8,桃園區,1134
108,8,大溪區,159
108,8,中壢區,946
108,8,楊梅區,545
108,8,蘆竹區,340
108,8,大園區,316
108,8,龜山區,301
108,8,八德區,302
108,8,龍潭區,302
108,8,平鎮區,373
108,8,新屋區,81
108,8,觀音區,213
108,8,復興區,36
108,7,桃園區,1211
108,7,大溪區,172
108,7,中壢區,1149
108,7,楊梅區,753
108,7,蘆竹區,444
108,7,大園區,437
108,7,龜山區,445
108,7,八德區,400
108,7,龍潭區,427
108,7,平鎮區,493
108,7,新屋區,195
108,7,觀音區,316
108,7,復興區,41
108,6,桃園區,959
108,6,大溪區,169
108,6,中壢區,1192
108,6,楊梅區,464
108,6,蘆竹區,290
108,6,大園區,275
108,6,龜山區,349
108,6,八德區,336
108,6,龍潭區,317
108,6,平鎮區,487
108,6,新屋區,127
108,6,觀音區,273
108,6,復興區,19
108,5,桃園區,1239
108,5,大溪區,193
108,5,中壢區,1131
108,5,楊梅區,498
108,5,蘆竹區,417
108,5,大園區,403
108,5,龜山區,457
108,5,八德區,432
108,5,龍潭區,257
108,5,平鎮區,438
108,5,新屋區,191
108,5,觀音區,250
108,5,復興區,20
108,4,桃園區,1219
108,4,大溪區,167
108,4,中壢區,826
108,4,楊梅區,432
108,4,蘆竹區,304
108,4,大園區,258
108,4,龜山區,241
108,4,八德區,427
108,4,龍潭區,232
108,4,平鎮區,349
108,4,新屋區,145
108,4,觀音區,232
108,4,復興區,14
108,3,桃園區,744
108,3,大溪區,148
108,3,中壢區,794
108,3,楊梅區,614
108,3,蘆竹區,313
108,3,大園區,165
108,3,龜山區,281
108,3,八德區,353
108,3,龍潭區,241
108,3,平鎮區,343
108,3,新屋區,82
108,3,觀音區,214
108,3,復興區,7
108,2,桃園區,556
108,2,大溪區,71
108,2,中壢區,583
108,2,楊梅區,267
108,2,蘆竹區,168
108,2,大園區,129
108,2,龜山區,203
108,2,八德區,196
108,2,龍潭區,141
108,2,平鎮區,232
108,2,新屋區,45
108,2,觀音區,130
108,2,復興區,9
108,12,桃園區,1042
108,12,大溪區,182
108,12,中壢區,1373
108,12,楊梅區,450
108,12,蘆竹區,477
108,12,大園區,485
108,12,龜山區,413
108,12,八德區,410
108,12,龍潭區,347
108,12,平鎮區,594
108,12,新屋區,98
108,12,觀音區,388
108,12,復興區,17
108,11,桃園區,977
108,11,大溪區,246
108,11,中壢區,1541
108,11,楊梅區,414
108,11,蘆竹區,438
108,11,大園區,496
108,11,龜山區,383
108,11,八德區,384
108,11,龍潭區,319
108,11,平鎮區,545
108,11,新屋區,101
108,11,觀音區,225
108,11,復興區,16
108,10,桃園區,1231
108,10,大溪區,176
108,10,中壢區,1404
108,10,楊梅區,546
108,10,蘆竹區,513
108,10,大園區,442
108,10,龜山區,391
108,10,八德區,392
108,10,龍潭區,305
108,10,平鎮區,414
108,10,新屋區,139
108,10,觀音區,318
108,10,復興區,12
108,1,桃園區,823
108,1,大溪區,264
108,1,中壢區,986
108,1,楊梅區,473
108,1,蘆竹區,535
108,1,大園區,285
108,1,龜山區,219
108,1,八德區,352
108,1,龍潭區,294
108,1,平鎮區,436
108,1,新屋區,139
108,1,觀音區,240
108,1,復興區,3
107,9,桃園區,945
107,9,大溪區,210
107,9,中壢區,667
107,9,楊梅區,510
107,9,蘆竹區,233
107,9,大園區,351
107,9,龜山區,200
107,9,八德區,309
107,9,龍潭區,237
107,9,平鎮區,301
107,9,新屋區,86
107,9,觀音區,280
107,9,復興區,8
107,8,桃園區,1065
107,8,大溪區,167
107,8,中壢區,782
107,8,楊梅區,558
107,8,蘆竹區,254
107,8,大園區,317
107,8,龜山區,313
107,8,八德區,362
107,8,龍潭區,538
107,8,平鎮區,405
107,8,新屋區,113
107,8,觀音區,201
107,8,復興區,29
107,7,桃園區,1145
107,7,大溪區,186
107,7,中壢區,907
107,7,楊梅區,547
107,7,蘆竹區,379
107,7,大園區,278
107,7,龜山區,271
107,7,八德區,344
107,7,龍潭區,364
107,7,平鎮區,387
107,7,新屋區,112
107,7,觀音區,128
107,7,復興區,5
107,6,桃園區,998
107,6,大溪區,179
107,6,中壢區,873
107,6,楊梅區,579
107,6,蘆竹區,361
107,6,大園區,200
107,6,龜山區,248
107,6,八德區,364
107,6,龍潭區,559
107,6,平鎮區,353
107,6,新屋區,132
107,6,觀音區,183
107,6,復興區,11
107,5,桃園區,1008
107,5,大溪區,174
107,5,中壢區,1066
107,5,楊梅區,639
107,5,蘆竹區,366
107,5,大園區,284
107,5,龜山區,274
107,5,八德區,375
107,5,龍潭區,294
107,5,平鎮區,336
107,5,新屋區,124
107,5,觀音區,305
107,5,復興區,55
107,4,桃園區,697
107,4,大溪區,127
107,4,中壢區,689
107,4,楊梅區,346
107,4,蘆竹區,218
107,4,大園區,142
107,4,龜山區,176
107,4,八德區,274
107,4,龍潭區,257
107,4,平鎮區,365
107,4,新屋區,71
107,4,觀音區,160
107,4,復興區,12
107,3,桃園區,767
107,3,大溪區,218
107,3,中壢區,858
107,3,楊梅區,428
107,3,蘆竹區,295
107,3,大園區,174
107,3,龜山區,240
107,3,八德區,337
107,3,龍潭區,285
107,3,平鎮區,389
107,3,新屋區,105
107,3,觀音區,323
107,3,復興區,19
107,2,桃園區,472
107,2,大溪區,104
107,2,中壢區,547
107,2,楊梅區,270
107,2,蘆竹區,193
107,2,大園區,128
107,2,龜山區,180
107,2,八德區,204
107,2,龍潭區,201
107,2,平鎮區,265
107,2,新屋區,70
107,2,觀音區,199
107,2,復興區,6
107,12,桃園區,759
107,12,大溪區,197
107,12,中壢區,901
107,12,楊梅區,373
107,12,蘆竹區,438
107,12,大園區,168
107,12,龜山區,263
107,12,八德區,351
107,12,龍潭區,353
107,12,平鎮區,446
107,12,新屋區,168
107,12,觀音區,143
107,12,復興區,16
107,11,桃園區,1009
107,11,大溪區,135
107,11,中壢區,791
107,11,楊梅區,388
107,11,蘆竹區,374
107,11,大園區,295
107,11,龜山區,223
107,11,八德區,438
107,11,龍潭區,294
107,11,平鎮區,372
107,11,新屋區,106
107,11,觀音區,179
107,11,復興區,25
107,10,桃園區,1121
107,10,大溪區,199
107,10,中壢區,802
107,10,楊梅區,408
107,10,蘆竹區,287
107,10,大園區,295
107,10,龜山區,285
107,10,八德區,311
107,10,龍潭區,242
107,10,平鎮區,387
107,10,新屋區,103
107,10,觀音區,240
107,10,復興區,18
107,1,桃園區,749
107,1,大溪區,238
107,1,中壢區,938
107,1,楊梅區,513
107,1,蘆竹區,344
107,1,大園區,180
107,1,龜山區,314
107,1,八德區,291
107,1,龍潭區,432
107,1,平鎮區,409
107,1,新屋區,145
107,1,觀音區,212
107,1,復興區,16
106,9,桃園區,729
106,9,大溪區,190
106,9,中壢區,855
106,9,楊梅區,702
106,9,蘆竹區,361
106,9,大園區,125
106,9,龜山區,256
106,9,八德區,403
106,9,龍潭區,408
106,9,平鎮區,347
106,9,新屋區,143
106,9,觀音區,279
106,9,復興區,8
106,8,桃園區,773
106,8,大溪區,368
106,8,中壢區,958
106,8,楊梅區,506
106,8,蘆竹區,422
106,8,大園區,134
106,8,龜山區,231
106,8,八德區,301
106,8,龍潭區,354
106,8,平鎮區,941
106,8,新屋區,137
106,8,觀音區,524
106,8,復興區,13
106,7,桃園區,867
106,7,大溪區,170
106,7,中壢區,913
106,7,楊梅區,618
106,7,蘆竹區,278
106,7,大園區,152
106,7,龜山區,229
106,7,八德區,359
106,7,龍潭區,319
106,7,平鎮區,530
106,7,新屋區,243
106,7,觀音區,459
106,7,復興區,24
106,6,桃園區,957
106,6,大溪區,218
106,6,中壢區,876
106,6,楊梅區,533
106,6,蘆竹區,399
106,6,大園區,153
106,6,龜山區,257
106,6,八德區,394
106,6,龍潭區,376
106,6,平鎮區,504
106,6,新屋區,191
106,6,觀音區,251
106,6,復興區,18
106,5,桃園區,823
106,5,大溪區,131
106,5,中壢區,1027
106,5,楊梅區,417
106,5,蘆竹區,531
106,5,大園區,185
106,5,龜山區,253
106,5,八德區,359
106,5,龍潭區,334
106,5,平鎮區,421
106,5,新屋區,116
106,5,觀音區,338
106,5,復興區,10
106,4,桃園區,630
106,4,大溪區,139
106,4,中壢區,779
106,4,楊梅區,317
106,4,蘆竹區,279
106,4,大園區,123
106,4,龜山區,175
106,4,八德區,394
106,4,龍潭區,227
106,4,平鎮區,288
106,4,新屋區,82
106,4,觀音區,228
106,4,復興區,40
106,3,桃園區,738
106,3,大溪區,178
106,3,中壢區,848
106,3,楊梅區,378
106,3,蘆竹區,600
106,3,大園區,182
106,3,龜山區,224
106,3,八德區,434
106,3,龍潭區,271
106,3,平鎮區,357
106,3,新屋區,120
106,3,觀音區,301
106,3,復興區,19
106,2,桃園區,490
106,2,大溪區,159
106,2,中壢區,565
106,2,楊梅區,286
106,2,蘆竹區,210
106,2,大園區,135
106,2,龜山區,135
106,2,八德區,223
106,2,龍潭區,197
106,2,平鎮區,304
106,2,新屋區,69
106,2,觀音區,180
106,2,復興區,12
106,12,桃園區,795
106,12,大溪區,157
106,12,中壢區,845
106,12,楊梅區,526
106,12,蘆竹區,276
106,12,大園區,146
106,12,龜山區,285
106,12,八德區,315
106,12,龍潭區,362
106,12,平鎮區,431
106,12,新屋區,168
106,12,觀音區,188
106,12,復興區,12
106,11,桃園區,816
106,11,大溪區,181
106,11,中壢區,1001
106,11,楊梅區,541
106,11,蘆竹區,326
106,11,大園區,153
106,11,龜山區,318
106,11,八德區,353
106,11,龍潭區,361
106,11,平鎮區,379
106,11,新屋區,158
106,11,觀音區,234
106,11,復興區,23
106,10,桃園區,1073
106,10,大溪區,168
106,10,中壢區,770
106,10,楊梅區,427
106,10,蘆竹區,294
106,10,大園區,277
106,10,龜山區,362
106,10,八德區,288
106,10,龍潭區,257
106,10,平鎮區,647
106,10,新屋區,189
106,10,觀音區,209
106,10,復興區,27
106,1,桃園區,658
106,1,大溪區,95
106,1,中壢區,800
106,1,楊梅區,421
106,1,蘆竹區,261
106,1,大園區,104
106,1,龜山區,261
106,1,八德區,300
106,1,龍潭區,306
106,1,平鎮區,303
106,1,新屋區,131
106,1,觀音區,192
106,1,復興區,8
105,9,桃園區,576
105,9,大溪區,193
105,9,中壢區,766
105,9,楊梅區,394
105,9,蘆竹區,239
105,9,大園區,160
105,9,龜山區,215
105,9,八德區,285
105,9,龍潭區,314
105,9,平鎮區,292
105,9,新屋區,57
105,9,觀音區,142
105,9,復興區,21
105,8,桃園區,731
105,8,大溪區,277
105,8,中壢區,865
105,8,楊梅區,390
105,8,蘆竹區,588
105,8,大園區,131
105,8,龜山區,328
105,8,八德區,295
105,8,龍潭區,305
105,8,平鎮區,544
105,8,新屋區,110
105,8,觀音區,131
105,8,復興區,15
105,7,桃園區,846
105,7,大溪區,243
105,7,中壢區,902
105,7,楊梅區,488
105,7,蘆竹區,508
105,7,大園區,168
105,7,龜山區,395
105,7,八德區,417
105,7,龍潭區,320
105,7,平鎮區,446
105,7,新屋區,110
105,7,觀音區,208
105,7,復興區,26
105,6,桃園區,800
105,6,大溪區,169
105,6,中壢區,799
105,6,楊梅區,448
105,6,蘆竹區,345
105,6,大園區,153
105,6,龜山區,306
105,6,八德區,348
105,6,龍潭區,262
105,6,平鎮區,416
105,6,新屋區,156
105,6,觀音區,245
105,6,復興區,7
105,5,桃園區,845
105,5,大溪區,177
105,5,中壢區,757
105,5,楊梅區,456
105,5,蘆竹區,238
105,5,大園區,154
105,5,龜山區,909
105,5,八德區,470
105,5,龍潭區,277
105,5,平鎮區,539
105,5,新屋區,134
105,5,觀音區,185
105,5,復興區,15
105,4,桃園區,724
105,4,大溪區,129
105,4,中壢區,621
105,4,楊梅區,368
105,4,蘆竹區,277
105,4,大園區,124
105,4,龜山區,807
105,4,八德區,291
105,4,龍潭區,185
105,4,平鎮區,462
105,4,新屋區,116
105,4,觀音區,135
105,4,復興區,15
105,3,桃園區,585
105,3,大溪區,95
105,3,中壢區,640
105,3,楊梅區,276
105,3,蘆竹區,483
105,3,大園區,126
105,3,龜山區,325
105,3,八德區,349
105,3,龍潭區,384
105,3,平鎮區,393
105,3,新屋區,64
105,3,觀音區,539
105,3,復興區,25
105,2,桃園區,386
105,2,大溪區,69
105,2,中壢區,425
105,2,楊梅區,174
105,2,蘆竹區,262
105,2,大園區,76
105,2,龜山區,126
105,2,八德區,170
105,2,龍潭區,124
105,2,平鎮區,164
105,2,新屋區,48
105,2,觀音區,250
105,2,復興區,2
105,12,桃園區,901
105,12,大溪區,103
105,12,中壢區,938
105,12,楊梅區,404
105,12,蘆竹區,769
105,12,大園區,225
105,12,龜山區,270
105,12,八德區,332
105,12,龍潭區,294
105,12,平鎮區,440
105,12,新屋區,106
105,12,觀音區,156
105,12,復興區,28
105,11,桃園區,742
105,11,大溪區,147
105,11,中壢區,981
105,11,楊梅區,552
105,11,蘆竹區,476
105,11,大園區,122
105,11,龜山區,246
105,11,八德區,326
105,11,龍潭區,285
105,11,平鎮區,451
105,11,新屋區,128
105,11,觀音區,125
105,11,復興區,27
105,10,桃園區,683
105,10,大溪區,154
105,10,中壢區,730
105,10,楊梅區,401
105,10,蘆竹區,285
105,10,大園區,159
105,10,龜山區,205
105,10,八德區,303
105,10,龍潭區,269
105,10,平鎮區,401
105,10,新屋區,124
105,10,觀音區,142
105,10,復興區,12
105,1,桃園區,568
105,1,大溪區,194
105,1,中壢區,723
105,1,楊梅區,310
105,1,蘆竹區,326
105,1,大園區,98
105,1,龜山區,311
105,1,八德區,270
105,1,龍潭區,267
105,1,平鎮區,244
105,1,新屋區,83
105,1,觀音區,87
105,1,復興區,20
104,9,桃園區,759
104,9,大溪區,199
104,9,中壢區,810
104,9,楊梅區,350
104,9,蘆竹區,307
104,9,大園區,101
104,9,龜山區,321
104,9,八德區,247
104,9,龍潭區,265
104,9,平鎮區,415
104,9,新屋區,66
104,9,觀音區,288
104,9,復興區,12
104,8,桃園區,733
104,8,大溪區,243
104,8,中壢區,910
104,8,楊梅區,404
104,8,蘆竹區,324
104,8,大園區,128
104,8,龜山區,262
104,8,八德區,326
104,8,龍潭區,326
104,8,平鎮區,412
104,8,新屋區,86
104,8,觀音區,157
104,8,復興區,7
104,7,桃園區,906
104,7,大溪區,272
104,7,中壢區,844
104,7,楊梅區,445
104,7,蘆竹區,818
104,7,大園區,252
104,7,龜山區,276
104,7,八德區,358
104,7,龍潭區,303
104,7,平鎮區,591
104,7,新屋區,227
104,7,觀音區,222
104,7,復興區,9
104,6,桃園區,968
104,6,大溪區,337
104,6,中壢區,911
104,6,楊梅區,508
104,6,蘆竹區,556
104,6,大園區,132
104,6,龜山區,323
104,6,八德區,483
104,6,龍潭區,372
104,6,平鎮區,502
104,6,新屋區,113
104,6,觀音區,425
104,6,復興區,23
104,5,桃園區,887
104,5,大溪區,212
104,5,中壢區,934
104,5,楊梅區,419
104,5,蘆竹區,331
104,5,大園區,159
104,5,龜山區,342
104,5,八德區,330
104,5,龍潭區,348
104,5,平鎮區,602
104,5,新屋區,184
104,5,觀音區,151
104,5,復興區,20
104,4,桃園區,841
104,4,大溪區,243
104,4,中壢區,877
104,4,楊梅區,437
104,4,蘆竹區,262
104,4,大園區,175
104,4,龜山區,199
104,4,八德區,315
104,4,龍潭區,250
104,4,平鎮區,508
104,4,新屋區,145
104,4,觀音區,127
104,4,復興區,32
104,3,桃園區,731
104,3,大溪區,251
104,3,中壢區,788
104,3,楊梅區,403
104,3,蘆竹區,277
104,3,大園區,219
104,3,龜山區,232
104,3,八德區,393
104,3,龍潭區,381
104,3,平鎮區,442
104,3,新屋區,139
104,3,觀音區,121
104,3,復興區,13
104,2,桃園區,639
104,2,大溪區,170
104,2,中壢區,738
104,2,楊梅區,517
104,2,蘆竹區,390
104,2,大園區,148
104,2,龜山區,227
104,2,八德區,252
104,2,龍潭區,245
104,2,平鎮區,311
104,2,新屋區,150
104,2,觀音區,120
104,2,復興區,21
104,12,桃園區,1322
104,12,大溪區,341
104,12,中壢區,1912
104,12,楊梅區,925
104,12,蘆竹區,770
104,12,大園區,378
104,12,龜山區,832
104,12,八德區,631
104,12,龍潭區,683
104,12,平鎮區,676
104,12,新屋區,288
104,12,觀音區,294
104,12,復興區,29
104,11,桃園區,808
104,11,大溪區,165
104,11,中壢區,802
104,11,楊梅區,706
104,11,蘆竹區,335
104,11,大園區,168
104,11,龜山區,330
104,11,八德區,295
104,11,龍潭區,292
104,11,平鎮區,439
104,11,新屋區,99
104,11,觀音區,182
104,11,復興區,28
104,10,桃園區,737
104,10,大溪區,189
104,10,中壢區,771
104,10,楊梅區,405
104,10,蘆竹區,256
104,10,大園區,175
104,10,龜山區,197
104,10,八德區,260
104,10,龍潭區,269
104,10,平鎮區,403
104,10,新屋區,305
104,10,觀音區,257
104,10,復興區,13
104,1,桃園區,988
104,1,大溪區,203
104,1,中壢區,1047
104,1,楊梅區,442
104,1,蘆竹區,505
104,1,大園區,209
104,1,龜山區,289
104,1,八德區,573
104,1,龍潭區,484
104,1,平鎮區,518
104,1,新屋區,305
104,1,觀音區,216
104,1,復興區,37
103,9,桃園區,1174
103,9,大溪區,280
103,9,中壢區,812
103,9,楊梅區,478
103,9,蘆竹區,401
103,9,大園區,193
103,9,龜山區,297
103,9,八德區,492
103,9,龍潭區,420
103,9,平鎮區,596
103,9,新屋區,138
103,9,觀音區,208
103,9,復興區,38
103,8,桃園區,1528
103,8,大溪區,317
103,8,中壢區,949
103,8,楊梅區,433
103,8,蘆竹區,464
103,8,大園區,204
103,8,龜山區,566
103,8,八德區,414
103,8,龍潭區,343
103,8,平鎮區,630
103,8,新屋區,278
103,8,觀音區,183
103,8,復興區,23
103,7,桃園區,1283
103,7,大溪區,314
103,7,中壢區,1078
103,7,楊梅區,776
103,7,蘆竹區,359
103,7,大園區,352
103,7,龜山區,462
103,7,八德區,374
103,7,龍潭區,440
103,7,平鎮區,615
103,7,新屋區,250
103,7,觀音區,302
103,7,復興區,22
103,6,桃園區,1055
103,6,大溪區,315
103,6,中壢區,1015
103,6,楊梅區,871
103,6,蘆竹區,474
103,6,大園區,384
103,6,龜山區,369
103,6,八德區,419
103,6,龍潭區,386
103,6,平鎮區,735
103,6,新屋區,160
103,6,觀音區,236
103,6,復興區,35
103,5,桃園區,1224
103,5,大溪區,306
103,5,中壢區,1265
103,5,楊梅區,668
103,5,蘆竹區,577
103,5,大園區,581
103,5,龜山區,511
103,5,八德區,564
103,5,龍潭區,459
103,5,平鎮區,795
103,5,新屋區,290
103,5,觀音區,325
103,5,復興區,29
103,4,桃園區,1203
103,4,大溪區,355
103,4,中壢區,1333
103,4,楊梅區,708
103,4,蘆竹區,672
103,4,大園區,327
103,4,龜山區,580
103,4,八德區,456
103,4,龍潭區,400
103,4,平鎮區,628
103,4,新屋區,176
103,4,觀音區,302
103,4,復興區,14
103,3,桃園區,1243
103,3,大溪區,250
103,3,中壢區,983
103,3,楊梅區,737
103,3,蘆竹區,565
103,3,大園區,320
103,3,龜山區,326
103,3,八德區,333
103,3,龍潭區,381
103,3,平鎮區,622
103,3,新屋區,274
103,3,觀音區,319
103,3,復興區,34
103,2,桃園區,1062
103,2,大溪區,228
103,2,中壢區,885
103,2,楊梅區,412
103,2,蘆竹區,352
103,2,大園區,308
103,2,龜山區,280
103,2,八德區,326
103,2,龍潭區,381
103,2,平鎮區,501
103,2,新屋區,200
103,2,觀音區,204
103,2,復興區,22
103,12,桃園區,1287
103,12,大溪區,206
103,12,中壢區,1122
103,12,楊梅區,496
103,12,蘆竹區,521
103,12,大園區,253
103,12,龜山區,340
103,12,八德區,653
103,12,龍潭區,465
103,12,平鎮區,712
103,12,新屋區,191
103,12,觀音區,351
103,12,復興區,20
103,11,桃園區,968
103,11,大溪區,223
103,11,中壢區,748
103,11,楊梅區,334
103,11,蘆竹區,356
103,11,大園區,245
103,11,龜山區,359
103,11,八德區,325
103,11,龍潭區,337
103,11,平鎮區,479
103,11,新屋區,158
103,11,觀音區,343
103,11,復興區,27
103,10,桃園區,1253
103,10,大溪區,199
103,10,中壢區,913
103,10,楊梅區,504
103,10,蘆竹區,567
103,10,大園區,218
103,10,龜山區,364
103,10,八德區,411
103,10,龍潭區,450
103,10,平鎮區,527
103,10,新屋區,312
103,10,觀音區,216
103,10,復興區,23
103,1,桃園區,1379
103,1,大溪區,452
103,1,中壢區,1341
103,1,楊梅區,977
103,1,蘆竹區,604
103,1,大園區,384
103,1,龜山區,374
103,1,八德區,708
103,1,龍潭區,598
103,1,平鎮區,827
103,1,新屋區,680
103,1,觀音區,401
103,1,復興區,3
102,9,桃園區,1343
102,9,大溪區,275
102,9,中壢區,1394
102,9,楊梅區,649
102,9,蘆竹區,941
102,9,大園區,592
102,9,龜山區,462
102,9,八德區,545
102,9,龍潭區,525
102,9,平鎮區,747
102,9,新屋區,361
102,9,觀音區,361
102,9,復興區,8
102,8,桃園區,1257
102,8,大溪區,268
102,8,中壢區,1960
102,8,楊梅區,707
102,8,蘆竹區,996
102,8,大園區,470
102,8,龜山區,478
102,8,八德區,444
102,8,龍潭區,604
102,8,平鎮區,693
102,8,新屋區,419
102,8,觀音區,474
102,8,復興區,14
102,7,桃園區,1726
102,7,大溪區,300
102,7,中壢區,1745
102,7,楊梅區,810
102,7,蘆竹區,1261
102,7,大園區,585
102,7,龜山區,582
102,7,八德區,545
102,7,龍潭區,572
102,7,平鎮區,819
102,7,新屋區,438
102,7,觀音區,508
102,7,復興區,17
102,6,桃園區,2522
102,6,大溪區,422
102,6,中壢區,2784
102,6,楊梅區,1508
102,6,蘆竹區,2278
102,6,大園區,1210
102,6,龜山區,1492
102,6,八德區,970
102,6,龍潭區,954
102,6,平鎮區,795
102,6,新屋區,912
102,6,觀音區,728
102,6,復興區,28
102,5,桃園區,2520
102,5,大溪區,272
102,5,中壢區,1687
102,5,楊梅區,813
102,5,蘆竹區,991
102,5,大園區,652
102,5,龜山區,1046
102,5,八德區,583
102,5,龍潭區,673
102,5,平鎮區,891
102,5,新屋區,638
102,5,觀音區,505
102,5,復興區,37
102,4,桃園區,4692
102,4,大溪區,322
102,4,中壢區,1805
102,4,楊梅區,600
102,4,蘆竹區,942
102,4,大園區,691
102,4,龜山區,1707
102,4,八德區,444
102,4,龍潭區,462
102,4,平鎮區,747
102,4,新屋區,501
102,4,觀音區,321
102,4,復興區,32
102,3,桃園區,3750
102,3,大溪區,267
102,3,中壢區,1268
102,3,楊梅區,592
102,3,蘆竹區,1023
102,3,大園區,876
102,3,龜山區,1138
102,3,八德區,348
102,3,龍潭區,424
102,3,平鎮區,827
102,3,新屋區,460
102,3,觀音區,367
102,3,復興區,17
102,2,桃園區,4548
102,2,大溪區,186
102,2,中壢區,949
102,2,楊梅區,640
102,2,蘆竹區,645
102,2,大園區,558
102,2,龜山區,1676
102,2,八德區,241
102,2,龍潭區,382
102,2,平鎮區,501
102,2,新屋區,290
102,2,觀音區,259
102,2,復興區,13
102,12,桃園區,1568
102,12,大溪區,406
102,12,中壢區,1309
102,12,楊梅區,664
102,12,蘆竹區,948
102,12,大園區,396
102,12,龜山區,345
102,12,八德區,645
102,12,龍潭區,523
102,12,平鎮區,819
102,12,新屋區,678
102,12,觀音區,557
102,12,復興區,16
102,11,桃園區,1260
102,11,大溪區,248
102,11,中壢區,1385
102,11,楊梅區,792
102,11,蘆竹區,728
102,11,大園區,388
102,11,龜山區,446
102,11,八德區,645
102,11,龍潭區,616
102,11,平鎮區,546
102,11,新屋區,337
102,11,觀音區,301
102,11,復興區,12
102,10,桃園區,1650
102,10,大溪區,281
102,10,中壢區,1351
102,10,楊梅區,866
102,10,蘆竹區,747
102,10,大園區,451
102,10,龜山區,455
102,10,八德區,515
102,10,龍潭區,520
102,10,平鎮區,680
102,10,新屋區,456
102,10,觀音區,400
102,10,復興區,190
102,1,桃園區,5864
102,1,大溪區,337
102,1,中壢區,1929
102,1,楊梅區,667
102,1,蘆竹區,614
102,1,大園區,833
102,1,龜山區,2648
102,1,八德區,471
102,1,龍潭區,525
102,1,平鎮區,728
102,1,新屋區,361
102,1,觀音區,422
102,1,復興區,16
101,9,桃園區,3315
101,9,大溪區,440
101,9,中壢區,3921
101,9,楊梅區,1132
101,9,蘆竹區,1860
101,9,大園區,670
101,9,龜山區,1347
101,9,八德區,439
101,9,龍潭區,820
101,9,平鎮區,543
101,9,新屋區,510
101,9,觀音區,618
101,9,復興區,24
101,8,桃園區,3369
101,8,大溪區,432
101,8,中壢區,4683
101,8,楊梅區,1144
101,8,蘆竹區,1234
101,8,大園區,972
101,8,龜山區,1098
101,8,八德區,783
101,8,龍潭區,1034
101,8,平鎮區,562
101,8,新屋區,700
101,8,觀音區,840
101,8,復興區,38
101,7,桃園區,1508
101,7,大溪區,1464
101,7,中壢區,9155
101,7,楊梅區,3149
101,7,蘆竹區,1938
101,7,大園區,1278
101,7,龜山區,472
101,7,八德區,1260
101,7,龍潭區,2305
101,7,平鎮區,728
101,7,新屋區,1490
101,7,觀音區,1630
101,7,復興區,79
101,6,桃園區,1408
101,6,大溪區,385
101,6,中壢區,1843
101,6,楊梅區,556
101,6,蘆竹區,647
101,6,大園區,334
101,6,龜山區,636
101,6,八德區,504
101,6,龍潭區,578
101,6,平鎮區,583
101,6,新屋區,279
101,6,觀音區,229
101,6,復興區,13
101,5,桃園區,3613
101,5,大溪區,533
101,5,中壢區,1620
101,5,楊梅區,506
101,5,蘆竹區,822
101,5,大園區,354
101,5,龜山區,829
101,5,八德區,487
101,5,龍潭區,607
101,5,平鎮區,781
101,5,新屋區,315
101,5,觀音區,292
101,5,復興區,14
101,4,桃園區,3654
101,4,大溪區,399
101,4,中壢區,1102
101,4,楊梅區,556
101,4,蘆竹區,599
101,4,大園區,206
101,4,龜山區,870
101,4,八德區,473
101,4,龍潭區,375
101,4,平鎮區,697
101,4,新屋區,202
101,4,觀音區,208
101,4,復興區,40
101,3,桃園區,5049
101,3,大溪區,355
101,3,中壢區,1392
101,3,楊梅區,599
101,3,蘆竹區,580
101,3,大園區,164
101,3,龜山區,1518
101,3,八德區,325
101,3,龍潭區,417
101,3,平鎮區,654
101,3,新屋區,171
101,3,觀音區,250
101,3,復興區,38
101,2,桃園區,3489
101,2,大溪區,192
101,2,中壢區,1048
101,2,楊梅區,365
101,2,蘆竹區,383
101,2,大園區,157
101,2,龜山區,786
101,2,八德區,358
101,2,龍潭區,579
101,2,平鎮區,352
101,2,新屋區,183
101,2,觀音區,155
101,2,復興區,5
101,12,桃園區,3543
101,12,大溪區,682
101,12,中壢區,4701
101,12,楊梅區,1376
101,12,蘆竹區,1392
101,12,大園區,1466
101,12,龜山區,2313
101,12,八德區,575
101,12,龍潭區,1054
101,12,平鎮區,676
101,12,新屋區,902
101,12,觀音區,963
101,12,復興區,24
101,11,桃園區,4287
101,11,大溪區,410
101,11,中壢區,3939
101,11,楊梅區,1202
101,11,蘆竹區,1508
101,11,大園區,1608
101,11,龜山區,1476
101,11,八德區,458
101,11,龍潭區,716
101,11,平鎮區,569
101,11,新屋區,514
101,11,觀音區,930
101,11,復興區,34
101,10,桃園區,3837
101,10,大溪區,420
101,10,中壢區,5025
101,10,楊梅區,1106
101,10,蘆竹區,2082
101,10,大園區,1052
101,10,龜山區,1161
101,10,八德區,514
101,10,龍潭區,970
101,10,平鎮區,630
101,10,新屋區,688
101,10,觀音區,756
101,10,復興區,14
101,1,桃園區,3429
101,1,大溪區,152
101,1,中壢區,955
101,1,楊梅區,477
101,1,蘆竹區,459
101,1,大園區,191
101,1,龜山區,996
101,1,八德區,211
101,1,龍潭區,402
101,1,平鎮區,361
101,1,新屋區,150
101,1,觀音區,281
101,1,復興區,20
100,9,桃園區,1271
100,9,大溪區,171
100,9,中壢區,1166
100,9,楊梅區,604
100,9,蘆竹區,493
100,9,大園區,276
100,9,龜山區,521
100,9,八德區,429
100,9,龍潭區,287
100,9,平鎮區,484
100,9,新屋區,354
100,9,觀音區,269
100,9,復興區,26
100,8,桃園區,1243
100,8,大溪區,199
100,8,中壢區,1033
100,8,楊梅區,614
100,8,蘆竹區,601
100,8,大園區,257
100,8,龜山區,616
100,8,八德區,366
100,8,龍潭區,375
100,8,平鎮區,474
100,8,新屋區,456
100,8,觀音區,255
100,8,復興區,19
100,7,桃園區,1223
100,7,大溪區,209
100,7,中壢區,1074
100,7,楊梅區,764
100,7,蘆竹區,617
100,7,大園區,292
100,7,龜山區,606
100,7,八德區,397
100,7,龍潭區,373
100,7,平鎮區,553
100,7,新屋區,314
100,7,觀音區,299
100,7,復興區,25
100,6,桃園區,1312
100,6,大溪區,267
100,6,中壢區,1177
100,6,楊梅區,714
100,6,蘆竹區,1188
100,6,大園區,341
100,6,龜山區,518
100,6,八德區,446
100,6,龍潭區,331
100,6,平鎮區,643
100,6,新屋區,215
100,6,觀音區,272
100,6,復興區,23
100,5,桃園區,1572
100,5,大溪區,291
100,5,中壢區,1616
100,5,楊梅區,828
100,5,蘆竹區,809
100,5,大園區,483
100,5,龜山區,474
100,5,八德區,545
100,5,龍潭區,379
100,5,平鎮區,679
100,5,新屋區,261
100,5,觀音區,396
100,5,復興區,32
100,4,桃園區,1417
100,4,大溪區,180
100,4,中壢區,1518
100,4,楊梅區,699
100,4,蘆竹區,618
100,4,大園區,437
100,4,龜山區,386
100,4,八德區,599
100,4,龍潭區,384
100,4,平鎮區,606
100,4,新屋區,266
100,4,觀音區,264
100,4,復興區,14
100,3,桃園區,1764
100,3,大溪區,196
100,3,中壢區,1516
100,3,楊梅區,881
100,3,蘆竹區,879
100,3,大園區,790
100,3,龜山區,572
100,3,八德區,1252
100,3,龍潭區,442
100,3,平鎮區,622
100,3,新屋區,364
100,3,觀音區,248
100,3,復興區,12
100,2,桃園區,983
100,2,大溪區,175
100,2,中壢區,882
100,2,楊梅區,457
100,2,蘆竹區,464
100,2,大園區,495
100,2,龜山區,347
100,2,八德區,402
100,2,龍潭區,258
100,2,平鎮區,300
100,2,新屋區,280
100,2,觀音區,151
100,2,復興區,7
100,12,桃園區,1523
100,12,大溪區,371
100,12,中壢區,1205
100,12,楊梅區,684
100,12,蘆竹區,560
100,12,大園區,467
100,12,龜山區,508
100,12,八德區,343
100,12,龍潭區,397
100,12,平鎮區,526
100,12,新屋區,247
100,12,觀音區,283
100,12,復興區,26
100,11,桃園區,1442
100,11,大溪區,182
100,11,中壢區,1347
100,11,楊梅區,682
100,11,蘆竹區,554
100,11,大園區,226
100,11,龜山區,547
100,11,八德區,390
100,11,龍潭區,370
100,11,平鎮區,498
100,11,新屋區,254
100,11,觀音區,182
100,11,復興區,18
100,10,桃園區,1406
100,10,大溪區,192
100,10,中壢區,1025
100,10,楊梅區,513
100,10,蘆竹區,483
100,10,大園區,219
100,10,龜山區,403
100,10,八德區,342
100,10,龍潭區,327
100,10,平鎮區,550
100,10,新屋區,207
100,10,觀音區,272
100,10,復興區,22
100,1,桃園區,1728
100,1,大溪區,320
100,1,中壢區,1774
100,1,楊梅區,729
100,1,蘆竹區,876
100,1,大園區,827
100,1,龜山區,730
100,1,八德區,760
100,1,龍潭區,659
100,1,平鎮區,638
100,1,新屋區,265
100,1,觀音區,233
100,1,復興區,36